{
  "name": "showroom 1",
  "lights": [
    {
      "type": "HemisphereLight",
      "name": "HemisphereLight",
      "color": 16772565,
      "intensity": 0,
      "position": {
        "x": 8,
        "y": 6,
        "z": -3
      },
      "target": null,
      "angle": null,
      "penumbra": null,
      "width": null,
      "height": null
    },
    {
      "type": "SpotLight",
      "name": "dirKey",
      "color": 16741120,
      "intensity": 71.5,
      "position": {
        "x": 0.07937292242285715,
        "y": -0.4049990686256919,
        "z": -3.058025187110535
      },
      "target": {
        "x": 0,
        "y": 0,
        "z": 0
      },
      "angle": 0.6108652381980153,
      "penumbra": 0.25,
      "width": null,
      "height": null
    },
    {
      "type": "SpotLight",
      "name": "dirKeyRear",
      "color": 16741120,
      "intensity": 85.7,
      "position": {
        "x": 0.02373385712506315,
        "y": -0.7026993270213006,
        "z": 3.2332064639679303
      },
      "target": {
        "x": 0,
        "y": 0,
        "z": 0
      },
      "angle": 0.6108652381980153,
      "penumbra": 0.25,
      "width": null,
      "height": null
    },
    {
      "type": "DirectionalLight",
      "name": "overheadDir",
      "color": 16777215,
      "intensity": 6,
      "position": {
        "x": 0,
        "y": 5,
        "z": 0
      },
      "target": {
        "x": 0,
        "y": 0,
        "z": 0
      },
      "angle": null,
      "penumbra": null,
      "width": null,
      "height": null
    }
  ],
  "camera": {
    "position": {
      "x": -0.2399381670322755,
      "y": 0.6699008565222999,
      "z": 2.51342688502055
    },
    "target": {
      "x": 2.220446049250313e-16,
      "y": -0.39609042059807775,
      "z": -1.1102230246251565e-16
    },
    "fov": 40
  }
}